{
  "code": "200",
  "data": [
    {
      "allowLoseLoad": "20",
      "allowMaxSubside": "60",
      "boardArea": "2.25",
      "boardShape": "0",
      "concreteDensity": "2500",
      "createTime": "2020-07-30 09:34:28",
      "firstLoadGrade": "2",
      "gpsLatitude": "30.496938705444336",
      "gpsLongitude": "114.39571380615234",
      "gpsValid": "1",
      "gradeTime": "60",
      "jackCount": "1",
      "jackDiameter": "250",
      "jackFixedOutput": "4705.60009765625",
      "jackRatioa": "0.012726999819278717",
      "jackRatiob": "0.026220999658107758",
      "loadInterval": "[5,10,15,15,15,30,30,30,30,30]",
      "loadType": "1",
      "loopCount": "0",
      "machineId": "2020073001",
      "maxGrade": "10",
      "maxLoad": "2000",
      "pileDiameter": "400",
      "pileLength": "10",
      "pileMidLength": "10",
      "pileNo": "20200730-2",
      "pileUpLength": "10",
      "pressChannel": "P1",
      "pressNo": "#1",
      "pressType": "2",
      "quickLoad": "0",
      "reloadSwitch": "1",
      "resistanceRatio": "0.80000001192092896",
      "sensorAdjust": "1",
      "sensorDirection": "[1,1,0,0,0,0,0,0,0,0,0,0]",
      "sensorDistance": "0",
      "sensorId": "[1001,1002,0,0,0,0,0,0,0,0,0,0]",
      "sensorMax": "300",
      "sensorUsed": "[1,1,0,0,0,0,0,0,0,0,0,0]",
      "serialNo": "20200730",
      "stableSwitch": "[1,1,0,0,0,0,0,0,0,0,0,0]",
      "stakeEc": "30",
      "standard": "JGJ106-2014",
      "startTime": "2016-02-23 17:22:15",
      "testStandard": "0",
      "testType": "1",
      "testUnit": "0",
      "ts": "1596072868628",
      "unloadGrade": "2",
      "unloadGradeTime": "60",
      "unloadInterval": "[15,15,30,30,30,30,30,30,30,30]",
      "unloadZeroTime": "180",
      "vendorId": "RSM",
      "workNo": "20190416"
    },
    {
      "allowLoseLoad": "111",
      "allowMaxSubside": "40",
      "boardArea": "1",
      "boardShape": "1",
      "concreteDensity": "2500",
      "createTime": "2020-07-30 09:32:47",
      "firstLoadGrade": "2",
      "gpsLatitude": "30.496938705444336",
      "gpsLongitude": "114.39571380615234",
      "gpsValid": "1",
      "gradeTime": "60",
      "jackCount": "1",
      "jackDiameter": "250",
      "jackFixedOutput": "18000",
      "jackRatioa": "0.003312000073492527",
      "jackRatiob": "0.20014099776744843",
      "loadInterval": "[5,10,15,15,15,30,30,30,30,30]",
      "loadType": "1",
      "loopCount": "0",
      "machineId": "2020073001",
      "maxGrade": "10",
      "maxLoad": "10000",
      "pileDiameter": "800",
      "pileLength": "41.5",
      "pileMidLength": "41.5",
      "pileNo": "20200730-1",
      "pileUpLength": "41.5",
      "pressChannel": "P1",
      "pressNo": "#1",
      "pressType": "2",
      "quickLoad": "0",
      "reloadSwitch": "1",
      "resistanceRatio": "0.80000001192092896",
      "sensorAdjust": "1",
      "sensorDirection": "[1,1,1,1,0,0,0,0,0,0,0,0]",
      "sensorDistance": "0",
      "sensorId": "[1001,1002,1003,1004,0,0,0,0,0,0,0,0]",
      "sensorMax": "300",
      "sensorUsed": "[1,1,1,1,0,0,0,0,0,0,0,0]",
      "serialNo": "20200730",
      "stableSwitch": "[1,1,1,1,0,0,0,0,0,0,0,0]",
      "stakeEc": "144.05999755859375",
      "standard": "JGJ106-2014",
      "startTime": "2016-01-28 17:10:23",
      "testStandard": "0",
      "testType": "1",
      "testUnit": "1",
      "ts": "1596072767913",
      "unloadGrade": "2",
      "unloadGradeTime": "60",
      "unloadInterval": "[15,15,30,30,30,30,30,30,30,30]",
      "unloadZeroTime": "180",
      "vendorId": "RSM",
      "workNo": "20190416"
    }
  ],
  "dataEncode": false,
  "dataObject": "",
  "msg": "鎺ュ彛璋冪敤鎴愬姛",
  "version": ""
}